<?xml version="1.0" encoding="UTF-8"?>
<project-private xmlns="http://www.netbeans.org/ns/project-private/1">
    <editor-bookmarks xmlns="http://www.netbeans.org/ns/editor-bookmarks/2" lastBookmarkId="0"/>
    <open-files xmlns="http://www.netbeans.org/ns/projectui-open-files/2">
        <group>
            <file>file:/C:/Users/20115/Desktop/Lab7/src/lab7/Instructor_Management/COURSE.java</file>
            <file>file:/C:/Users/20115/Desktop/Lab7/src/lab7/backend/Question.java</file>
            <file>file:/C:/Users/20115/Desktop/Lab7/src/lab7/backend/StudentQuizRecord.java</file>
            <file>file:/C:/Users/20115/Desktop/Lab7/src/lab7/Instructor_Management/Managelessons.java</file>
            <file>file:/C:/Users/20115/Desktop/Lab7/src/lab7/Instructor_Management/LESSON.java</file>
            <file>file:/C:/Users/20115/Desktop/Lab7/src/lab7/Instructor_Management/Manage_Courses.java</file>
            <file>file:/C:/Users/20115/Desktop/Lab7/src/lab7/backend/progress.java</file>
            <file>file:/C:/Users/20115/Desktop/Lab7/src/lab7/User_Account_Management/Sign_up.java</file>
            <file>file:/C:/Users/20115/Desktop/Lab7/src/lab7/backend/Instructor.java</file>
            <file>file:/C:/Users/20115/Desktop/Lab7/src/lab7/backend/Student.java</file>
            <file>file:/C:/Users/20115/Desktop/Lab7/src/lab7/Instructor_Management/AddQuiz_fram.java</file>
            <file>file:/C:/Users/20115/Desktop/Lab7/src/lab7/Student_Managment/Quiz_DO.java</file>
            <file>file:/C:/Users/20115/Desktop/Lab7/src/lab7/backend/StudentAnswer.java</file>
            <file>file:/C:/Users/20115/Desktop/Lab7/src/lab7/services/StudentService.java</file>
            <file>file:/C:/Users/20115/Desktop/Lab7/src/lab7/backend/Lesson.java</file>
            <file>file:/C:/Users/20115/Desktop/Lab7/src/lab7/Instructor_Management/Add_new_question_frame.java</file>
            <file>file:/C:/Users/20115/Desktop/Lab7/src/lab7/Student_Managment/lessons.java</file>
            <file>file:/C:/Users/20115/Desktop/Lab7/src/lab7/Student_Managment/Enrolled_courses.java</file>
            <file>file:/C:/Users/20115/Desktop/Lab7/src/lab7/backend/Quiz.java</file>
            <file>file:/C:/Users/20115/Desktop/Lab7/src/lab7/services/CourseService.java</file>
            <file>file:/C:/Users/20115/Desktop/Lab7/src/lab7/backend/Course.java</file>
            <file>file:/C:/Users/20115/Desktop/Lab7/src/lab7/backend/Option.java</file>
            <file>file:/C:/Users/20115/Desktop/Lab7/src/lab7/Student_Managment/READING.java</file>
            <file>file:/C:/Users/20115/Desktop/Lab7/src/lab7/backend/StudentQuizService.java</file>
        </group>
    </open-files>
</project-private>
