[
  {
    "description": "how",
    "instructorId": "01886",
    "lessons": [
      {
        "content": "fghdhf",
        "resources": [
          "fdhgfhdf"
        ],
        "quiz": {
          "id": 0,
          "questions": [
            {
              "id": 7666,
              "questionText": "what 1+1",
              "options": [
                {
                  "id": 8043,
                  "option": "2",
                  "isCorrect": true
                },
                {
                  "id": 7734,
                  "option": "3",
                  "isCorrect": false
                },
                {
                  "id": 8074,
                  "option": "4",
                  "isCorrect": false
                },
                {
                  "id": 7696,
                  "option": "7",
                  "isCorrect": false
                }
              ],
              "score": 2
            }
          ],
          "passScore": 40,
          "numberOfTry": 3,
          "courseId": "43adec44-238a-4619-94cf-34419a828915"
        },
        "Id": "f6fe7c77-8ad6-4e91-9efe-81eb90582997",
        "title": "hdfh"
      },
      {
        "content": "hgdhfg",
        "resources": [
          "gfhdh"
        ],
        "quiz": {
          "id": 0,
          "questions": [
            {
              "id": 7805,
              "questionText": "what is 1/1",
              "options": [
                {
                  "id": 8106,
                  "option": "1",
                  "isCorrect": true
                },
                {
                  "id": 7897,
                  "option": "2",
                  "isCorrect": false
                },
                {
                  "id": 7844,
                  "option": "3",
                  "isCorrect": false
                },
                {
                  "id": 8295,
                  "option": "0",
                  "isCorrect": false
                }
              ],
              "score": 1
            },
            {
              "id": 1317,
              "questionText": "what 4+4",
              "options": [
                {
                  "id": 1458,
                  "option": "8",
                  "isCorrect": true
                },
                {
                  "id": 1336,
                  "option": "2",
                  "isCorrect": false
                },
                {
                  "id": 1406,
                  "option": "3",
                  "isCorrect": false
                },
                {
                  "id": 1796,
                  "option": "1",
                  "isCorrect": false
                }
              ],
              "score": 2
            }
          ],
          "passScore": 50,
          "numberOfTry": 1,
          "courseId": "43adec44-238a-4619-94cf-34419a828915"
        },
        "Id": "9a67bac4-20dd-4a1d-bab9-1ad2eff159cd",
        "title": "ggdsfg"
      }
    ],
    "students": [
      "02103",
      "03634",
      "00973",
      "03370",
      "09132",
      "04802",
      "05365",
      "01972",
      "06091",
      "05496",
      "00281",
      "05197",
      "05583",
      "08681"
    ],
    "Id": "43adec44-238a-4619-94cf-34419a828915",
    "title": "course 1"
  }
]